,metric,info_clf,mean_accuracy,std_accuracy,mean_sensitivity,std_sensitivity,mean_specificity,std_specificity,mean_auc,std_auc,mean_precision,std_precision,mean_recall,std_recall,mean_f1,std_f1
0,"('MED1', 'MED2', 'MED3', 'MED4', 'MED5', 'MED6', 'MED7', 'MED8', 'MED9', 'MED10')",qda,75.45454545454547,3.162277660168379,55.00000000000001,7.901300877422371,95.23809523809523,3.2991443953692903,0.8548809523809524,0.025841533699561603,86.33333333333333,9.386160024205852,55.00000000000001,7.901300877422371,65.2954822954823,7.658790488313735
